_id,name,status,createdAt,updatedAt,__v
66b61f2bc33ea1118317415a,2,true,2024-08-09T13:52:43.628Z,2024-08-09T13:52:43.628Z,0
66b61f49c33ea11183174171,3,true,2024-08-09T13:53:13.087Z,2024-08-09T13:53:13.087Z,0
66b63eb1b2b4c91e7efafd7c,4,true,2024-08-09T16:07:13.601Z,2024-08-09T16:07:13.601Z,0
66b66e2eb2b4c91e7efafffd,5,true,2024-08-09T19:29:50.351Z,2024-08-09T19:29:50.351Z,0
66b66e35b2b4c91e7efb0000,6,true,2024-08-09T19:29:57.906Z,2024-08-09T19:29:57.906Z,0
66b66e3cb2b4c91e7efb0003,7,true,2024-08-09T19:30:04.599Z,2024-08-09T19:30:04.599Z,0
66b66e42b2b4c91e7efb0006,8,true,2024-08-09T19:30:10.903Z,2024-08-09T19:30:10.903Z,0
66b66e49b2b4c91e7efb0009,9,true,2024-08-09T19:30:17.004Z,2024-08-09T19:30:17.004Z,0
66b66e50b2b4c91e7efb000c,10,true,2024-08-09T19:30:24.114Z,2024-08-09T19:30:24.114Z,0
66b66e55b2b4c91e7efb000f,11,true,2024-08-09T19:30:29.419Z,2024-08-09T19:30:29.419Z,0
66b66e59b2b4c91e7efb0012,12,true,2024-08-09T19:30:33.669Z,2024-08-09T19:30:33.669Z,0
66b66e60b2b4c91e7efb0015,13,true,2024-08-09T19:30:40.052Z,2024-08-09T19:30:40.052Z,0
66b66e65b2b4c91e7efb0018,14,true,2024-08-09T19:30:45.129Z,2024-08-09T19:30:45.129Z,0
66b66e6cb2b4c91e7efb001b,15,true,2024-08-09T19:30:52.101Z,2024-08-09T19:30:52.101Z,0
66b66e7ab2b4c91e7efb001e,16,true,2024-08-09T19:31:06.587Z,2024-08-09T19:31:06.587Z,0
66b66e7fb2b4c91e7efb0021,17,true,2024-08-09T19:31:11.315Z,2024-08-09T19:31:11.315Z,0
66b66e84b2b4c91e7efb0024,18,true,2024-08-09T19:31:16.468Z,2024-08-09T19:31:16.468Z,0
66b66e8ab2b4c91e7efb0027,19,true,2024-08-09T19:31:22.554Z,2024-08-09T19:31:22.554Z,0
66b66e8fb2b4c91e7efb002a,20,true,2024-08-09T19:31:27.783Z,2024-08-09T19:31:27.783Z,0
66b66e9ab2b4c91e7efb002e,21,true,2024-08-09T19:31:38.062Z,2024-08-09T19:31:38.062Z,0
66b66e9eb2b4c91e7efb0031,22,true,2024-08-09T19:31:42.707Z,2024-08-09T19:31:42.707Z,0
66b66efeb2b4c91e7efb003d,23,true,2024-08-09T19:33:18.879Z,2024-08-09T19:33:18.879Z,0
66b66f03b2b4c91e7efb0040,24,true,2024-08-09T19:33:23.605Z,2024-08-09T19:33:23.605Z,0
66b66f06b2b4c91e7efb0043,25,true,2024-08-09T19:33:26.569Z,2024-08-09T19:33:26.569Z,0
66b66f09b2b4c91e7efb0046,26,true,2024-08-09T19:33:29.242Z,2024-08-09T19:33:29.242Z,0
66b66f0bb2b4c91e7efb0049,27,true,2024-08-09T19:33:31.998Z,2024-08-09T19:33:31.998Z,0
66b66f12b2b4c91e7efb004c,28,true,2024-08-09T19:33:38.454Z,2024-08-09T19:33:38.454Z,0
66b67335b2b4c91e7efb0058,29,true,2024-08-09T19:51:17.784Z,2024-08-09T19:51:17.784Z,0
66b6733cb2b4c91e7efb005b,30,true,2024-08-09T19:51:24.177Z,2024-08-09T19:51:24.177Z,0
66b67340b2b4c91e7efb005e,31,true,2024-08-09T19:51:28.902Z,2024-08-09T19:51:28.902Z,0
66b67346b2b4c91e7efb0061,32,true,2024-08-09T19:51:34.130Z,2024-08-09T19:51:34.130Z,0
66b67348b2b4c91e7efb0064,33,true,2024-08-09T19:51:36.917Z,2024-08-09T19:51:36.917Z,0
66b6734db2b4c91e7efb0067,34,true,2024-08-09T19:51:41.103Z,2024-08-09T19:51:41.103Z,0
66b67351b2b4c91e7efb006a,35,true,2024-08-09T19:51:45.275Z,2024-08-09T19:51:45.275Z,0
66b67356b2b4c91e7efb006d,36,true,2024-08-09T19:51:50.811Z,2024-08-09T19:51:50.811Z,0
66b6735bb2b4c91e7efb0070,37,true,2024-08-09T19:51:55.244Z,2024-08-09T19:51:55.244Z,0
66b6735fb2b4c91e7efb0073,38,true,2024-08-09T19:51:59.028Z,2024-08-09T19:51:59.028Z,0
66b67363b2b4c91e7efb0076,39,true,2024-08-09T19:52:03.031Z,2024-08-09T19:52:03.031Z,0
66b67366b2b4c91e7efb0079,40,true,2024-08-09T19:52:06.549Z,2024-08-09T19:52:06.549Z,0
66b673acb2b4c91e7efb007f,41,true,2024-08-09T19:53:16.627Z,2024-08-09T19:53:16.627Z,0
66b673b0b2b4c91e7efb0082,42,true,2024-08-09T19:53:20.292Z,2024-08-09T19:53:20.292Z,0
66b673b4b2b4c91e7efb0085,43,true,2024-08-09T19:53:24.879Z,2024-08-09T19:53:24.879Z,0
66b673d9b2b4c91e7efb0088,44,true,2024-08-09T19:54:01.293Z,2024-08-09T19:54:01.293Z,0
66b673ddb2b4c91e7efb008b,45,true,2024-08-09T19:54:05.261Z,2024-08-09T19:54:05.261Z,0
66b673e0b2b4c91e7efb008e,46,true,2024-08-09T19:54:08.934Z,2024-08-09T19:54:08.934Z,0
66b673e4b2b4c91e7efb0091,47,true,2024-08-09T19:54:12.194Z,2024-08-09T19:54:12.194Z,0
66b673e9b2b4c91e7efb0094,48,true,2024-08-09T19:54:17.262Z,2024-08-09T19:54:17.262Z,0
66b673eeb2b4c91e7efb0097,49,true,2024-08-09T19:54:22.464Z,2024-08-09T19:54:22.464Z,0
66b673f1b2b4c91e7efb009a,50,true,2024-08-09T19:54:25.854Z,2024-08-09T19:54:25.854Z,0
66b673f8b2b4c91e7efb009d,51,true,2024-08-09T19:54:32.739Z,2024-08-09T19:54:32.739Z,0
66b673feb2b4c91e7efb00a0,52,true,2024-08-09T19:54:38.752Z,2024-08-09T19:54:38.752Z,0
66b67402b2b4c91e7efb00a3,53,true,2024-08-09T19:54:42.029Z,2024-08-09T19:54:42.029Z,0
66b67405b2b4c91e7efb00a6,54,true,2024-08-09T19:54:45.139Z,2024-08-09T19:54:45.139Z,0
66b67458b2b4c91e7efb00bb,55,true,2024-08-09T19:56:08.021Z,2024-08-09T19:56:08.021Z,0
66b6745bb2b4c91e7efb00be,56,true,2024-08-09T19:56:11.274Z,2024-08-09T19:56:11.274Z,0
66b6745eb2b4c91e7efb00c1,57,true,2024-08-09T19:56:14.460Z,2024-08-09T19:56:14.460Z,0
66b67467b2b4c91e7efb00c4,58,true,2024-08-09T19:56:23.559Z,2024-08-09T19:56:23.559Z,0
66b6746ab2b4c91e7efb00c7,59,true,2024-08-09T19:56:26.691Z,2024-08-09T19:56:26.691Z,0
66b6746db2b4c91e7efb00ca,60,true,2024-08-09T19:56:29.888Z,2024-08-09T19:56:29.888Z,0
66b759b492e9fc77808c6937,1,true,2024-08-10T12:14:44.160Z,2024-08-10T12:14:44.160Z,0
